object_id	raw_name	normal_class_39_id	normal_class_39_zh	count	correct	accuracy	mean_obj_aiou	distance_threshold	aiou_threshold
obj_001_充电器	充电器	charger	充电器类	16	16	1.000000000	0.651148176	0.020	0.478469785
obj_002_刀具架	刀具架	rack	收纳架类	16	0	0.000000000	0.286373044	0.020	0.478469785
obj_003_削皮刀	削皮刀	peeler	削皮刀类	16	16	1.000000000	0.867309065	0.020	0.478469785
obj_004_剪刀	剪刀	scissors	剪刀类	16	16	1.000000000	0.858866173	0.020	0.478469785
obj_005_勺子	勺子	spoon	勺子类	16	16	1.000000000	0.903327729	0.020	0.478469785
obj_006_勺子2	勺子2	spoon	勺子类	16	16	1.000000000	0.904556124	0.020	0.478469785
obj_007_勺子3	勺子3	spoon	勺子类	16	16	1.000000000	0.922285221	0.020	0.478469785
obj_008_医疗箱	医疗箱	bag	包类	16	10	0.625000000	0.463353171	0.020	0.478469785
obj_009_叉子	叉子	fork	叉子类	16	16	1.000000000	0.908934540	0.020	0.478469785
obj_010_开关	开关	switch	开关类	16	7	0.437500000	0.394301466	0.020	0.478469785
obj_011_托盘	托盘	plate	盘子/托盘类	16	16	1.000000000	0.775178676	0.020	0.478469785
obj_012_抹布	抹布	cleaning	清洁类	16	16	1.000000000	0.922159144	0.020	0.478469785
obj_013_果酱	果酱	bottle	瓶子类	16	11	0.687500000	0.600611965	0.020	0.478469785
obj_014_水杯	水杯	cup	水杯类	16	16	1.000000000	0.798055594	0.020	0.478469785
obj_015_水果刀	水果刀	fruit_knife	水果刀类	16	16	1.000000000	0.900155244	0.020	0.478469785
obj_016_水果刀2	水果刀2	fruit_knife	水果刀类	16	16	1.000000000	0.887941881	0.020	0.478469785
obj_017_洒水壶	洒水壶	kettle	壶类	16	16	1.000000000	0.839126208	0.020	0.478469785
obj_018_洒水壶2	洒水壶2	spray_bottle	喷壶类	16	16	1.000000000	0.627232417	0.020	0.478469785
obj_019_盆栽	盆栽	plant_pot	盆栽类	16	14	0.875000000	0.575618027	0.020	0.478469785
obj_020_盘子	盘子	plate	盘子/托盘类	16	16	1.000000000	0.788453678	0.020	0.478469785
obj_021_盘子2	盘子2	plate	盘子/托盘类	16	16	1.000000000	0.820381584	0.020	0.478469785
obj_022_碗	碗	bowl	碗类	16	16	1.000000000	0.801843642	0.020	0.478469785
obj_023_碗2	碗2	bowl	碗类	16	16	1.000000000	0.788282438	0.020	0.478469785
obj_024_筷子	筷子	chopsticks	筷子类	16	16	1.000000000	0.832762091	0.020	0.478469785
obj_025_筷子2	筷子2	chopsticks	筷子类	16	16	1.000000000	0.949665158	0.020	0.478469785
obj_026_粘毛器	粘毛器	lint_roller	粘毛器类	15	15	1.000000000	0.789216610	0.020	0.478469785
obj_027_纸巾	纸巾	tissue	纸巾类	15	15	1.000000000	0.929093639	0.020	0.478469785
obj_028_药瓶	药瓶	bottle	瓶子类	15	13	0.866666667	0.660107972	0.020	0.478469785
obj_029_菜刀	菜刀	kitchen_knife	菜刀类	15	15	1.000000000	0.900098109	0.020	0.478469785
obj_030_菜板	菜板	cutting_board	菜板类	15	0	0.000000000	0.377936657	0.020	0.478469785
obj_031_衬衫	衬衫	clothing	衣物类	15	14	0.933333333	0.691126414	0.020	0.478469785
obj_032_连帽衫	连帽衫	clothing	衣物类	15	15	1.000000000	0.889624896	0.020	0.478469785
obj_033_遥控器	遥控器	remote	遥控器类	15	15	1.000000000	0.704216160	0.020	0.478469785
obj_034_铁锅	铁锅	pan	铁锅类	15	15	1.000000000	0.908459086	0.020	0.478469785
obj_035_锅铲	锅铲	spatula	铲子类	15	15	1.000000000	0.898526715	0.020	0.478469785
obj_036_锅铲2	锅铲2	spatula	铲子类	15	15	1.000000000	0.891677917	0.020	0.478469785
obj_037_锅铲3	锅铲3	spatula	铲子类	15	15	1.000000000	0.903028177	0.020	0.478469785
obj_038_食用油	食用油	bottle	瓶子类	15	15	1.000000000	0.653277051	0.020	0.478469785
obj_039_冰箱	冰箱	refrigerator	冰箱类	15	13	0.866666667	0.571518376	0.020	0.478469785
obj_040_勺子4	勺子4	spoon	勺子类	15	15	1.000000000	0.898037857	0.020	0.478469785
obj_041_微波炉	微波炉	microwave	微波炉类	15	0	0.000000000	0.316426300	0.020	0.478469785
obj_042_托盘2	托盘2	plate	盘子/托盘类	15	15	1.000000000	0.670531237	0.020	0.478469785
obj_043_桃	桃	peach	桃类	15	15	1.000000000	0.915802133	0.020	0.478469785
obj_044_梨	梨	pear	梨类	15	14	0.933333333	0.747046100	0.020	0.478469785
obj_045_椅子	椅子	chair	椅子类	15	15	1.000000000	0.832399744	0.020	0.478469785
obj_046_椅子2	椅子2	chair	椅子类	15	15	1.000000000	0.836672852	0.020	0.478469785
obj_047_水壶	水壶	kettle	壶类	15	15	1.000000000	0.679185385	0.020	0.478469785
obj_048_水杯2	水杯2	cup	水杯类	15	14	0.933333333	0.562799837	0.020	0.478469785
obj_049_甜瓜	甜瓜	melon	甜瓜类	15	14	0.933333333	0.880054406	0.020	0.478469785
obj_050_盆栽2	盆栽2	plant_pot	盆栽类	15	15	1.000000000	0.749134008	0.020	0.478469785
obj_051_盆栽3	盆栽3	plant_pot	盆栽类	15	2	0.133333333	0.414960070	0.020	0.478469785
obj_052_盆栽4	盆栽4	plant_pot	盆栽类	15	14	0.933333333	0.596275911	0.020	0.478469785
obj_053_盆栽5	盆栽5	plant_pot	盆栽类	15	15	1.000000000	0.679255103	0.020	0.478469785
obj_054_碗3	碗3	bowl	碗类	15	7	0.466666667	0.472182059	0.020	0.478469785
obj_055_紧急呼叫器	紧急呼叫器	emergency_button	紧急呼叫器类	15	14	0.933333333	0.728671225	0.020	0.478469785
obj_056_苹果	苹果	apple	苹果类	15	15	1.000000000	0.877721857	0.020	0.478469785
obj_057_药品	药品	medicine_box	药盒类	15	6	0.400000000	0.453127017	0.020	0.478469785
obj_058_药品2	药品2	medicine_box	药盒类	15	5	0.333333333	0.368161897	0.020	0.478469785
obj_059_药品3	药品3	medicine_box	药盒类	15	8	0.533333333	0.430636695	0.020	0.478469785
obj_060_菜板2	菜板2	cutting_board	菜板类	15	0	0.000000000	0.364216807	0.020	0.478469785
obj_061_西瓜	西瓜	watermelon	西瓜类	15	15	1.000000000	0.949641351	0.020	0.478469785
obj_062_轮椅	轮椅	wheelchair	轮椅类	15	15	1.000000000	0.649614953	0.020	0.478469785
obj_063_轮椅2	轮椅2	wheelchair	轮椅类	15	15	1.000000000	0.700017989	0.020	0.478469785
obj_064_香蕉	香蕉	banana	香蕉类	15	15	1.000000000	0.864460062	0.020	0.478469785
obj_065_马桶	马桶	toilet	马桶类	15	12	0.800000000	0.511893053	0.020	0.478469785
